{
    "0.4255297488462577": {
        "user_id": 4
    },
    "0.3272920459895752": {
        "user_id": 4
    },
    "0.203965321477658": {
        "user_id": 3
    },
    "0.37214138737796176": {
        "user_id": 4
    }
}